filename;label
2O_BTL01_00_BHZ_20250516T041551.npy;1.14
2O_BTL02_00_BHZ_20250516T041558.npy;4.27
2O_BTL04_00_BHZ_20250516T041601.npy;2.18
2O_BTL06_00_BHZ_20250516T041608.npy;0.62
2O_BTL08_00_BHZ_20250516T041611.npy;1.14
2O_BTL09_00_BHZ_20250516T041608.npy;0.1
2O_BTL10_00_BHZ_20250516T041612.npy;6.35
AE_214A__BHZ_20250516T042218.npy;0.62
AF_POGA__BHZ_20250516T041954.npy;0.1
AI_BELA_04_BHZ_20250516T042236.npy;0.1
AI_BELA_04_BHZ_20250516T043048.npy;0.1
AI_BELA_04_BHZ_20250516T043458.npy;0.1
AI_BELA_04_BHZ_20250516T044818.npy;0.1
AI_BELA_04_BHZ_20250516T045728.npy;0.1
AI_ESPZ_04_BHZ_20250516T042347.npy;3.23
AI_ESPZ_04_BHZ_20250516T042829.npy;3.23
AI_ESPZ_04_BHZ_20250516T045509.npy;3.23
AI_ORCD_04_BHZ_20250516T042341.npy;8.96
AI_ORCD_04_BHZ_20250516T043209.npy;8.96
AI_SMAI_04_BHZ_20250516T042333.npy;1.14
AI_SMAI_04_BHZ_20250516T043100.npy;1.14
AI_SMAI_04_BHZ_20250516T044506.npy;1.14
AI_SMAI_04_BHZ_20250516T045237.npy;1.14
AI_SMAI_04_BHZ_20250516T050027.npy;1.14
AK_A21K__BHZ_20250516T041848.npy;0.1
AK_ANM__BHZ_20250516T041839.npy;0.1
AK_BAE__BHZ_20250516T041928.npy;0.1
AK_BAL__BHZ_20250516T041941.npy;0.1
AK_BARN__BHZ_20250516T041943.npy;0.62
AK_BCP__BHZ_20250516T041950.npy;0.62
AK_BGLC__BHZ_20250516T041942.npy;2.18
AK_BPAW__BHZ_20250516T041914.npy;1.66
AK_BRLK__BHZ_20250516T041924.npy;0.62
AK_BRSE__BHZ_20250516T041925.npy;0.1
AK_C16K__BHZ_20250516T041835.npy;0.1
AK_C18K__BHZ_20250516T041843.npy;0.1
AK_C19K__BHZ_20250516T041846.npy;0.1
AK_C21K__BHZ_20250516T041856.npy;0.1
AK_C23K__BHZ_20250516T041902.npy;0.1
AK_C26K__BHZ_20250516T041912.npy;0.1
AK_CAPN__BHZ_20250516T041922.npy;8.96
AK_CCB__BHZ_20250516T041920.npy;0.1
AK_CHN__BHZ_20250516T041910.npy;7.92
AK_CHUM__BHZ_20250516T041912.npy;0.1
AK_CNP__BHZ_20250516T041924.npy;0.1
AK_COLD__BHZ_20250516T041909.npy;0.1
AK_CRQ__BHZ_20250516T041940.npy;1.66
AK_CUT__BHZ_20250516T041920.npy;0.1
AK_CYK__BHZ_20250516T041944.npy;0.1
AK_D17K__BHZ_20250516T041841.npy;0.1
AK_D20K__BHZ_20250516T041853.npy;0.62
AK_D22K__BHZ_20250516T041900.npy;0.1
AK_D24K__BHZ_20250516T041907.npy;8.96
AK_D25K__BHZ_20250516T041911.npy;0.1
AK_DIV__BHZ_20250516T041933.npy;0.1
AK_DOT__BHZ_20250516T041931.npy;0.1
AK_E18K__BHZ_20250516T041847.npy;0.1
AK_E19K__BHZ_20250516T041854.npy;0.62
AK_E21K__BHZ_20250516T041859.npy;0.1
AK_E22K__BHZ_20250516T041904.npy;0.1
AK_E24K__BHZ_20250516T041910.npy;0.1
AK_E25K__BHZ_20250516T041916.npy;0.1
AK_E27K__BHZ_20250516T041923.npy;0.1
AK_F15K__BHZ_20250516T041839.npy;0.1
AK_F18K__BHZ_20250516T041850.npy;0.1
AK_F20K__BHZ_20250516T041858.npy;0.1
AK_FALS__BHZ_20250516T041858.npy;0.62
AK_FID__BHZ_20250516T041933.npy;0.1
AK_FIRE__BHZ_20250516T041923.npy;0.1
AK_FYU__BHZ_20250516T041920.npy;0.1
AK_G19K__BHZ_20250516T041857.npy;0.62
AK_G23K__BHZ_20250516T041911.npy;5.31
AK_GAMB__BHZ_20250516T041823.npy;0.1
AK_GCSA__BHZ_20250516T041900.npy;0.62
AK_GHO__BHZ_20250516T041925.npy;0.1
AK_GLB__BHZ_20250516T041937.npy;0.1
AK_GOAT__BHZ_20250516T041937.npy;0.1
AK_GRIN__BHZ_20250516T041941.npy;0.1
AK_GRNC__BHZ_20250516T041943.npy;9.48
AK_H16K__BHZ_20250516T041847.npy;0.1
AK_H17K__BHZ_20250516T041852.npy;0.1
AK_H20K__BHZ_20250516T041903.npy;0.1
AK_H22K__BHZ_20250516T041910.npy;0.1
AK_H23K__BHZ_20250516T041914.npy;0.1
AK_H24K__BHZ_20250516T041917.npy;0.1
AK_HARP__BHZ_20250516T041931.npy;0.1
AK_HDA__BHZ_20250516T041922.npy;0.1
AK_HIN__BHZ_20250516T041934.npy;1.66
AK_HOM__BHZ_20250516T041923.npy;0.62
AK_I21K__BHZ_20250516T041910.npy;0.1
AK_I23K__BHZ_20250516T041916.npy;5.83
AK_I26K__BHZ_20250516T041928.npy;0.1
AK_I27K__BHZ_20250516T041930.npy;0.1
AK_J17K__BHZ_20250516T041857.npy;0.1
AK_J20K__BHZ_20250516T041907.npy;0.1
AK_J25K__BHZ_20250516T041925.npy;0.62
AK_K13K__BHZ_20250516T041844.npy;0.62
AK_K15K__BHZ_20250516T041852.npy;0.1
AK_K24K__BHZ_20250516T041926.npy;0.62
AK_KAI__BHZ_20250516T041940.npy;0.1
AK_KIAG__BHZ_20250516T041942.npy;0.1
AK_KLU__BHZ_20250516T041932.npy;0.62
AK_KNK__BHZ_20250516T041926.npy;0.1
AK_KTH__BHZ_20250516T041916.npy;0.1
AK_L16K__BHZ_20250516T041858.npy;0.62
AK_L17K__BHZ_20250516T041901.npy;0.1
AK_L18K__BHZ_20250516T041905.npy;0.1
AK_L19K__BHZ_20250516T041909.npy;0.1
AK_L22K__BHZ_20250516T041918.npy;0.62
AK_LOGN__BHZ_20250516T041945.npy;1.66
AK_M11K__BHZ_20250516T041842.npy;6.87
AK_M14K__BHZ_20250516T041853.npy;0.62
AK_M16K__BHZ_20250516T041901.npy;0.1
AK_M23K__BHZ_20250516T041927.npy;3.23
AK_M26K__BHZ_20250516T041936.npy;10.0
AK_MCAR__BHZ_20250516T041939.npy;0.1
AK_MCK__BHZ_20250516T041920.npy;7.39
AK_MDM__BHZ_20250516T041918.npy;0.1
AK_MESA__BHZ_20250516T041944.npy;1.66
AK_MLY__BHZ_20250516T041913.npy;0.62
AK_N15K__BHZ_20250516T041859.npy;0.1
AK_N18K__BHZ_20250516T041910.npy;0.1
AK_NEA2__BHZ_20250516T041918.npy;5.31
AK_NIKH__BHZ_20250516T041842.npy;0.1
AK_O14K__BHZ_20250516T041858.npy;0.1
AK_O18K__BHZ_20250516T041913.npy;0.1
AK_O19K__BHZ_20250516T041915.npy;10.0
AK_P16K__BHZ_20250516T041907.npy;0.1
AK_P17K__BHZ_20250516T041911.npy;3.75
AK_PAX__BHZ_20250516T041929.npy;0.1
AK_PIN__BHZ_20250516T041948.npy;4.27
AK_PNL__BHZ_20250516T041951.npy;2.71
AK_POKR__BHZ_20250516T041920.npy;0.1
AK_PPD__BHZ_20250516T041923.npy;9.48
AK_PS01__BHZ_20250516T041905.npy;0.1
AK_PS04__BHZ_20250516T041908.npy;0.1
AK_PS05__BHZ_20250516T041909.npy;0.1
AK_PS06__BHZ_20250516T041913.npy;0.1
AK_PS07__BHZ_20250516T041917.npy;0.1
AK_PS08__BHZ_20250516T041922.npy;0.1
AK_PS09__BHZ_20250516T041926.npy;0.1
AK_PS10__BHZ_20250516T041927.npy;0.1
AK_PS11__BHZ_20250516T041932.npy;0.1
AK_PS12__BHZ_20250516T041934.npy;0.1
AK_PTPK__BHZ_20250516T041941.npy;0.1
AK_PWL__BHZ_20250516T041928.npy;0.62
AK_Q19K__BHZ_20250516T041919.npy;0.1
AK_Q23K__BHZ_20250516T041936.npy;0.1
AK_R16K__BHZ_20250516T041911.npy;0.1
AK_R32K__BHZ_20250516T042006.npy;0.62
AK_RAG__BHZ_20250516T041938.npy;1.14
AK_RC01__BHZ_20250516T041924.npy;10.0
AK_RDOG__BHZ_20250516T041841.npy;0.62
AK_RKAV__BHZ_20250516T041945.npy;1.14
AK_RND__BHZ_20250516T041921.npy;5.31
AK_S31K__BHZ_20250516T042003.npy;7.39
AK_S32K__BHZ_20250516T042008.npy;8.44
AK_SAW__BHZ_20250516T041926.npy;4.27
AK_SCM__BHZ_20250516T041928.npy;0.1
AK_SII__BHZ_20250516T041923.npy;10.0
AK_SKN__BHZ_20250516T041918.npy;10.0
AK_SLK__BHZ_20250516T041924.npy;0.1
AK_SSN__BHZ_20250516T041921.npy;0.1
AK_SUCK__BHZ_20250516T041941.npy;7.39
AK_SWD__BHZ_20250516T041927.npy;0.1
AK_TGL__BHZ_20250516T041941.npy;2.71
AK_TNA__BHZ_20250516T041831.npy;7.39
AK_TOLK__BHZ_20250516T041907.npy;0.1
AK_U33K__BHZ_20250516T042015.npy;0.1
AK_V35K__BHZ_20250516T042020.npy;8.44
AK_VMT__BHZ_20250516T041932.npy;0.1
AK_VRDI__BHZ_20250516T041938.npy;0.1
AK_WAT7__BHZ_20250516T041922.npy;0.1
AK_WRH__BHZ_20250516T041920.npy;0.1
AT_CRAG__BHZ_20250516T042017.npy;9.48
AT_DORN__BHZ_20250516T041928.npy;0.62
AT_ESTR__BHZ_20250516T041929.npy;1.14
AT_NSHR__BHZ_20250516T041928.npy;0.1
AT_PMR__BHZ_20250516T041924.npy;4.27
AT_SDPT__BHZ_20250516T041907.npy;0.1
AT_SIT__BHZ_20250516T042008.npy;0.1
AT_TTA__BHZ_20250516T041905.npy;0.1
AT_YKU2__BHZ_20250516T045212.npy;0.1
AU_ARMA_00_BHZ_20250516T041832.npy;0.1
AU_AS31__BHZ_20250516T041648.npy;0.1
AU_BBOO_00_BHZ_20250516T041747.npy;0.1
AU_BCON__BHZ_20250516T041644.npy;0.1
AU_BLDU_00_BHZ_20250516T041645.npy;0.62
AU_BN2S_00_BHZ_20250516T041825.npy;0.1
AU_BRS_00_BHZ_20250516T041824.npy;0.62
AU_BW2S_00_BHZ_20250516T041732.npy;0.1
AU_CARL_00_BHZ_20250516T041653.npy;0.1
AU_CMSA_00_BHZ_20250516T041814.npy;0.1
AU_CN1H_00_BHZ_20250516T041706.npy;8.44
AU_CN2S_00_BHZ_20250516T041706.npy;0.1
AU_CNB_00_BHZ_20250516T041844.npy;0.1
AU_COEN_00_BHZ_20250516T041638.npy;0.62
AU_CORO_00_BHZ_20250516T041903.npy;8.44
AU_CTA__BHZ_20250516T041723.npy;8.96
AU_DLN_00_BHZ_20250516T041841.npy;6.35
AU_DPH_00_BHZ_20250516T041526.npy;0.1
AU_DRS_00_BHZ_20250516T041526.npy;9.48
AU_DRS_00_BHZ_20250516T045101.npy;9.48
AU_EIDS__BHZ_20250516T041809.npy;7.92
AU_FITZ__BHZ_20250516T041540.npy;2.18
AU_FORT_00_BHZ_20250516T041712.npy;0.62
AU_GC2F_00_BHZ_20250516T041829.npy;0.1
AU_GEXS_00_BHZ_20250516T041840.npy;0.1
AU_GHSS_00_BHZ_20250516T041807.npy;7.39
AU_GIRL_00_BHZ_20250516T041542.npy;1.14
AU_GLAD_00_BHZ_20250516T041904.npy;4.27
AU_GVL_00_BHZ_20250516T041840.npy;0.1
AU_HTT_00_BHZ_20250516T041800.npy;5.31
AU_INKA_00_BHZ_20250516T041737.npy;0.1
AU_KDU_00_BHZ_20250516T041535.npy;0.1
AU_KLBR_00_BHZ_20250516T041653.npy;0.62
AU_KLGGI__BHZ_20250516T041652.npy;10.0
AU_KLGHH__BHZ_20250516T041655.npy;0.1
AU_KMBL_00_BHZ_20250516T041700.npy;10.0
AU_KNRA_00_BHZ_20250516T041537.npy;8.96
AU_LCRK_00_BHZ_20250516T041742.npy;1.14
AU_LHI_00_BHZ_20250516T041905.npy;0.1
AU_MABG_00_BHZ_20250516T041844.npy;0.1
AU_MANU_01_BHZ_20250516T041610.npy;10.0
AU_MAW__BHZ_20250516T042039.npy;6.87
AU_MCQ_00_BHZ_20250516T042020.npy;7.92
AU_MEEK__BHZ_20250516T041620.npy;1.66
AU_MGBR_00_BHZ_20250516T041827.npy;0.1
AU_MGCD_00_BHZ_20250516T041842.npy;3.23
AU_MILA_00_BHZ_20250516T041851.npy;5.31
AU_MLBS_00_BHZ_20250516T041841.npy;0.1
AU_MOO_00_BHZ_20250516T041908.npy;8.44
AU_MORW_00_BHZ_20250516T041632.npy;0.1
AU_MTKN_00_BHZ_20250516T041652.npy;0.1
AU_MTN_00_BHZ_20250516T041530.npy;10.0
AU_MTSU_00_BHZ_20250516T041704.npy;0.1
AU_MULG_00_BHZ_20250516T041727.npy;0.1
AU_MUN_00_BHZ_20250516T041653.npy;0.1
AU_NAPP_00_BHZ_20250516T041756.npy;8.96
AU_NFK_00_BHZ_20250516T041933.npy;0.1
AU_NIUE_00_BHZ_20250516T042040.npy;8.44
AU_NTLH_00_BHZ_20250516T041843.npy;10.0
AU_NTLS_00_BHZ_20250516T041843.npy;5.83
AU_OKDL_00_BHZ_20250516T041843.npy;8.96
AU_OOD_00_BHZ_20250516T041718.npy;0.62
AU_PHB_00_BHZ_20250516T041843.npy;0.1
AU_PSA00_00_BHZ_20250516T041546.npy;6.87
AU_PSAA1_00_BHZ_20250516T041546.npy;5.83
AU_PSAA2_00_BHZ_20250516T041546.npy;3.23
AU_PSAA3_00_BHZ_20250516T041546.npy;4.79
AU_PSAB1_00_BHZ_20250516T041546.npy;2.71
AU_PSAB2_00_BHZ_20250516T041546.npy;3.23
AU_PSAB3_00_BHZ_20250516T041546.npy;5.83
AU_PSAC1_00_BHZ_20250516T041546.npy;4.79
AU_PSAC2_00_BHZ_20250516T041546.npy;3.75
AU_PSAD1_00_BHZ_20250516T041545.npy;2.71
AU_PTPS_00_BHZ_20250516T041756.npy;6.87
AU_QLP_00_BHZ_20250516T041745.npy;9.48
AU_RABL_00_BHZ_20250516T041649.npy;0.1
AU_RIV_00_BHZ_20250516T041844.npy;0.1
AU_RK1H_00_BHZ_20250516T041758.npy;0.1
AU_RK2S_00_BHZ_20250516T041757.npy;0.1
AU_RKGY_00_BHZ_20250516T041713.npy;0.1
AU_RMQ_00_BHZ_20250516T041804.npy;4.27
AU_SDAN_00_BHZ_20250516T041807.npy;0.1
AU_STKA__BHZ_20250516T041801.npy;0.62
AU_SYDS_00_BHZ_20250516T041845.npy;0.1
AU_TOO_00_BHZ_20250516T041841.npy;4.27
AU_TROP__BHZ_20250516T041652.npy;0.1
AU_TV1H_00_BHZ_20250516T041722.npy;0.1
AU_TWOA_00_BHZ_20250516T041807.npy;3.23
AU_WB10__BHZ_20250516T041627.npy;0.1
AU_WB1__BHZ_20250516T041628.npy;0.1
AU_WB2__BHZ_20250516T041628.npy;5.83
AU_WB3__BHZ_20250516T041627.npy;1.14
AU_WB4__BHZ_20250516T041627.npy;0.1
AU_WB5__BHZ_20250516T041627.npy;9.48
AU_WB6__BHZ_20250516T041627.npy;0.1
AU_WB7__BHZ_20250516T041627.npy;9.48
AU_WB8__BHZ_20250516T041627.npy;8.96
AU_WB9__BHZ_20250516T041627.npy;0.1
AU_WC1__BHZ_20250516T041627.npy;0.62
AU_WC2__BHZ_20250516T041628.npy;0.1
AU_WC3__BHZ_20250516T041628.npy;0.1
AU_WC4__BHZ_20250516T041628.npy;0.62
AU_WOLH_00_BHZ_20250516T041846.npy;9.48
AU_WR10__BHZ_20250516T041628.npy;3.23
AU_WR1__BHZ_20250516T041628.npy;1.14
AU_WR2__BHZ_20250516T041628.npy;4.27
AU_WR3__BHZ_20250516T041628.npy;1.14
AU_WR4__BHZ_20250516T041628.npy;0.62
AU_WR5__BHZ_20250516T041628.npy;0.1
AU_WR7__BHZ_20250516T041628.npy;1.14
AU_WR8__BHZ_20250516T041628.npy;9.48
AU_WR9__BHZ_20250516T041628.npy;0.62
AU_WRKA_00_BHZ_20250516T041636.npy;0.62
AU_WTPK_00_BHZ_20250516T041844.npy;10.0
AU_XMI_00_BHZ_20250516T041350.npy;10.0
AU_YAPP_00_BHZ_20250516T041750.npy;0.1
AU_YARR_00_BHZ_20250516T041842.npy;0.62
AU_YNG_00_BHZ_20250516T041836.npy;0.1
AV_ADAG__BHZ_20250516T041814.npy;9.48
AV_AHB__BHZ_20250516T041851.npy;0.1
AV_AKGG__BHZ_20250516T041851.npy;0.62
AV_AKHS__BHZ_20250516T041851.npy;8.44
AV_AKLV__BHZ_20250516T041851.npy;0.1
AV_AKMO__BHZ_20250516T041851.npy;8.44
AV_AKS__BHZ_20250516T041852.npy;0.1
AV_ANNW__BHZ_20250516T041910.npy;0.1
AV_AU22__BHZ_20250516T041919.npy;3.75
AV_AUJA__BHZ_20250516T041919.npy;0.1
AV_AUJK__BHZ_20250516T041919.npy;0.1
AV_AULG__BHZ_20250516T041919.npy;2.18
AV_AUL__BHZ_20250516T041919.npy;0.1
AV_AUNO__BHZ_20250516T041919.npy;2.18
AV_AUSB__BHZ_20250516T041919.npy;0.1
AV_AUWS__BHZ_20250516T041919.npy;0.1
AV_AUW__BHZ_20250516T041919.npy;0.1
AV_BLDW__BHZ_20250516T041900.npy;0.1
AV_BPPC__BHZ_20250516T041909.npy;0.62
AV_BRPK__BHZ_20250516T041857.npy;0.62
AV_CEAP__BHZ_20250516T041759.npy;0.1
AV_CERA__BHZ_20250516T041800.npy;2.18
AV_CESW__BHZ_20250516T041759.npy;2.71
AV_CETU__BHZ_20250516T041759.npy;0.1
AV_CLCL__BHZ_20250516T041838.npy;7.92
AV_CLCO__BHZ_20250516T041839.npy;0.1
AV_CLES__BHZ_20250516T041839.npy;8.96
AV_CLSF__BHZ_20250516T041839.npy;5.83
AV_DEER__BHZ_20250516T041901.npy;0.1
AV_DOL__BHZ_20250516T041903.npy;0.1
AV_DT1__BHZ_20250516T041901.npy;0.62
AV_DTN__BHZ_20250516T041901.npy;0.62
AV_EDCR__BHZ_20250516T042007.npy;7.92
AV_EDES__BHZ_20250516T042007.npy;0.1
AV_EDNW__BHZ_20250516T042007.npy;9.48
AV_EDSO__BHZ_20250516T042007.npy;0.1
AV_ETKA__BHZ_20250516T041815.npy;5.31
AV_GAEA__BHZ_20250516T041806.npy;0.62
AV_GAKI__BHZ_20250516T041806.npy;0.1
AV_GALA__BHZ_20250516T041806.npy;0.1
AV_GANE__BHZ_20250516T041806.npy;0.62
AV_GANO__BHZ_20250516T041806.npy;0.1
AV_GASW__BHZ_20250516T041806.npy;0.1
AV_GSCK__BHZ_20250516T041816.npy;1.66
AV_GSIG__BHZ_20250516T041817.npy;0.1
AV_GSMY__BHZ_20250516T041817.npy;8.96
AV_GSSP__BHZ_20250516T041816.npy;0.1
AV_GSTD__BHZ_20250516T041816.npy;0.1
AV_GSTR__BHZ_20250516T041816.npy;0.62
AV_HAG__BHZ_20250516T041902.npy;0.1
AV_ILCB__BHZ_20250516T042101.npy;0.62
AV_ILCB__BHZ_20250516T045025.npy;0.62
AV_ISLZ__BHZ_20250516T041857.npy;5.31
AV_KAB2__BHZ_20250516T041917.npy;0.1
AV_KABU__BHZ_20250516T041916.npy;0.1
AV_KAHG__BHZ_20250516T041918.npy;0.1
AV_KAKN__BHZ_20250516T041917.npy;0.62
AV_KBM__BHZ_20250516T041916.npy;0.62
AV_KICM__BHZ_20250516T041812.npy;3.23
AV_KIMD__BHZ_20250516T041812.npy;0.62
AV_KINC__BHZ_20250516T041812.npy;0.1
AV_KIRH__BHZ_20250516T041813.npy;0.1
AV_KIWB__BHZ_20250516T041812.npy;0.1
AV_KOFP__BHZ_20250516T041824.npy;8.96
AV_KOKL__BHZ_20250516T041823.npy;0.1
AV_KOKV__BHZ_20250516T041823.npy;10.0
AV_KONE__BHZ_20250516T041824.npy;10.0
AV_KONW__BHZ_20250516T041823.npy;0.1
AV_KOSE__BHZ_20250516T041824.npy;9.48
AV_KOWE__BHZ_20250516T041823.npy;0.1
AV_KVT__BHZ_20250516T041916.npy;0.1
AV_LSNW__BHZ_20250516T041755.npy;0.1
AV_LSPA__BHZ_20250516T041755.npy;0.1
AV_LSSA__BHZ_20250516T041755.npy;0.1
AV_LSSE__BHZ_20250516T041755.npy;0.1
AV_MAPS__BHZ_20250516T041848.npy;1.14
AV_MCIR__BHZ_20250516T041848.npy;0.1
AV_MGLS__BHZ_20250516T041917.npy;0.1
AV_MGOD__BHZ_20250516T041848.npy;0.1
AV_MNAT__BHZ_20250516T041849.npy;2.18
AV_MREP__BHZ_20250516T041848.npy;0.1
AV_MSW__BHZ_20250516T041848.npy;0.1
AV_MTBL__BHZ_20250516T041849.npy;0.62
AV_N25K__BHZ_20250516T041935.npy;0.62
AV_OKFG__BHZ_20250516T041845.npy;0.1
AV_OKSO__BHZ_20250516T041844.npy;2.18
AV_P18K__BHZ_20250516T041914.npy;0.1
AV_P19K__BHZ_20250516T041919.npy;4.79
AV_PLBL__BHZ_20250516T041913.npy;0.1
AV_PLK1__BHZ_20250516T041913.npy;0.1
AV_PLK2__BHZ_20250516T043331.npy;0.62
AV_PLK3__BHZ_20250516T041915.npy;0.62
AV_PLK5__BHZ_20250516T041912.npy;9.48
AV_PS1A__BHZ_20250516T041902.npy;0.1
AV_PS4A__BHZ_20250516T041902.npy;0.1
AV_PTHD__BHZ_20250516T041909.npy;0.1
AV_PVV__BHZ_20250516T041902.npy;0.1
AV_Q20K__BHZ_20250516T041923.npy;9.48
AV_RDDF__BHZ_20250516T041918.npy;7.92
AV_RDJH__BHZ_20250516T041918.npy;0.1
AV_RDSO__BHZ_20250516T041918.npy;0.1
AV_RDWB__BHZ_20250516T041918.npy;0.1
AV_RED__BHZ_20250516T041918.npy;0.1
AV_REF__BHZ_20250516T041918.npy;0.62
AV_S14K_00_BHZ_20250516T041908.npy;0.1
AV_SPBG__BHZ_20250516T041917.npy;0.62
AV_SPCG__BHZ_20250516T041918.npy;0.1
AV_SPCL__BHZ_20250516T041918.npy;0.62
AV_SPCN__BHZ_20250516T041918.npy;0.1
AV_SPCP__BHZ_20250516T041918.npy;3.75
AV_SPNN__BHZ_20250516T041916.npy;1.14
AV_SPWE__BHZ_20250516T041917.npy;1.66
AV_SSBA__BHZ_20250516T041856.npy;0.62
AV_SSLN__BHZ_20250516T041856.npy;0.1
AV_SSLS__BHZ_20250516T041856.npy;1.14
AV_STLK__BHZ_20250516T041918.npy;0.62
AV_TAFL__BHZ_20250516T041810.npy;2.18
AV_TAFP__BHZ_20250516T041809.npy;0.1
AV_TANO__BHZ_20250516T041809.npy;2.71
AV_TAPA__BHZ_20250516T041810.npy;0.1
AV_TASE__BHZ_20250516T041809.npy;5.83
AV_TASO__BHZ_20250516T041808.npy;1.66
AV_VNBL__BHZ_20250516T041909.npy;0.1
AV_VNCG__BHZ_20250516T041908.npy;1.14
AV_VNKR__BHZ_20250516T041909.npy;7.39
AV_VNSG__BHZ_20250516T041909.npy;0.62
AV_VNSW__BHZ_20250516T041908.npy;1.66
AV_VNWF__BHZ_20250516T041908.npy;2.18
AV_WACK__BHZ_20250516T041934.npy;3.75
AV_WAZA__BHZ_20250516T041934.npy;8.96
AV_WEBT__BHZ_20250516T041854.npy;0.62
AV_WESN__BHZ_20250516T041855.npy;0.62
AV_WTUG__BHZ_20250516T041855.npy;0.1
AV_ZRO__BHZ_20250516T041851.npy;1.66
AZ_CRY__BHZ_20250516T042203.npy;8.96
AZ_FRD__BHZ_20250516T042203.npy;0.62
AZ_KNW__BHZ_20250516T042202.npy;0.1
AZ_LVA2__BHZ_20250516T042204.npy;0.1
AZ_RDM__BHZ_20250516T042202.npy;0.1
AZ_SIO5__BHZ_20250516T042204.npy;0.1
AZ_SMER__BHZ_20250516T042202.npy;0.1
AZ_SND__BHZ_20250516T042203.npy;0.1
BK_AASB_00_BHZ_20250516T042136.npy;5.83
BK_ADAM_00_BHZ_20250516T042132.npy;0.1
BK_ALVW_00_BHZ_20250516T042142.npy;0.1
BK_AONC_00_BHZ_20250516T042129.npy;5.83
BK_ATP_00_BHZ_20250516T042133.npy;0.1
BK_AUSC_00_BHZ_20250516T042131.npy;1.66
BK_AVSP_00_BHZ_20250516T042147.npy;0.1
BK_AZUL_00_BHZ_20250516T042142.npy;0.1
BK_BABI_00_BHZ_20250516T042143.npy;0.1
BK_BAKR_00_BHZ_20250516T042127.npy;7.92
BK_BAYL_00_BHZ_20250516T042130.npy;0.1
BK_BCCR_00_BHZ_20250516T042130.npy;0.1
BK_BEVN_00_BHZ_20250516T042129.npy;0.1
BK_BIGV_00_BHZ_20250516T042127.npy;0.62
BK_BJES_00_BHZ_20250516T042123.npy;0.1
BK_BKS_00_BHZ_20250516T042135.npy;0.1
BK_BLAS_00_BHZ_20250516T042125.npy;8.44
BK_BLCR_00_BHZ_20250516T042121.npy;4.79
BK_BONV_00_BHZ_20250516T042129.npy;7.39
BK_BOYR_00_BHZ_20250516T042133.npy;0.1
BK_BRAD_00_BHZ_20250516T042145.npy;8.44
BK_BRIB_01_BHZ_20250516T042135.npy;0.62
BK_BRIC_00_BHZ_20250516T042124.npy;8.44
BK_BRK_00_BHZ_20250516T042135.npy;0.1
BK_BUCI_00_BHZ_20250516T042134.npy;0.1
BK_CCOR_00_BHZ_20250516T042148.npy;7.92
BK_CGRV_00_BHZ_20250516T042147.npy;0.1
BK_CLRV_00_BHZ_20250516T042125.npy;2.71
BK_CMB_00_BHZ_20250516T042139.npy;6.35
BK_DCMP_01_BHZ_20250516T042128.npy;0.62
BK_DIAZ_00_BHZ_20250516T042129.npy;0.1
BK_DRYC_00_BHZ_20250516T042128.npy;0.62
BK_EAGL_00_BHZ_20250516T042130.npy;2.71
BK_ETSL_00_BHZ_20250516T042128.npy;0.1
BK_FARB_00_BHZ_20250516T042134.npy;0.1
BK_FORD_00_BHZ_20250516T042140.npy;0.1
BK_GALB_00_BHZ_20250516T042130.npy;0.1
BK_GASB_00_BHZ_20250516T042129.npy;1.14
BK_GCKB_00_BHZ_20250516T042130.npy;0.1
BK_GHOP_00_BHZ_20250516T042124.npy;0.1
BK_GTSB_00_BHZ_20250516T042130.npy;0.1
BK_GUMB_00_BHZ_20250516T042124.npy;0.1
BK_HALS_00_BHZ_20250516T042126.npy;0.1
BK_HAPY_00_BHZ_20250516T042127.npy;0.1
BK_HAS2_00_BHZ_20250516T042142.npy;2.18
BK_HATC_00_BHZ_20250516T042128.npy;0.62
BK_HAYF_00_BHZ_20250516T042125.npy;0.1
BK_HELL_00_BHZ_20250516T042147.npy;0.1
BK_HOPS_00_BHZ_20250516T042130.npy;2.18
BK_HRCH_00_BHZ_20250516T042131.npy;0.62
BK_HULI_00_BHZ_20250516T042144.npy;8.44
BK_HULL_00_BHZ_20250516T042128.npy;0.1
BK_HUNT_00_BHZ_20250516T042126.npy;0.62
BK_JASP_00_BHZ_20250516T042137.npy;1.14
BK_JCC_00_BHZ_20250516T042122.npy;1.66
BK_JEPS_00_BHZ_20250516T042135.npy;0.1
BK_JEWT_00_BHZ_20250516T042125.npy;0.1
BK_KARE_00_BHZ_20250516T042146.npy;4.79
BK_KNEE_00_BHZ_20250516T042122.npy;0.1
BK_KRUG_00_BHZ_20250516T042122.npy;0.1
BK_LAKN_00_BHZ_20250516T042126.npy;0.1
BK_LAND_00_BHZ_20250516T042143.npy;0.1
BK_LCOS_00_BHZ_20250516T042135.npy;0.1
BK_LCOW_00_BHZ_20250516T042127.npy;3.75
BK_LCUV_00_BHZ_20250516T042146.npy;0.1
BK_LEGD_00_BHZ_20250516T042143.npy;0.1
BK_LGMB_00_BHZ_20250516T042124.npy;3.23
BK_LIND_00_BHZ_20250516T042148.npy;7.39
BK_LITV_00_BHZ_20250516T042128.npy;0.1
BK_LLNL_00_BHZ_20250516T042137.npy;9.48
BK_LSIB_00_BHZ_20250516T042129.npy;0.1
BK_LTIB_00_BHZ_20250516T042126.npy;0.1
BK_MBARI_00_BHZ_20250516T042140.npy;0.1
BK_MCCM_00_BHZ_20250516T042133.npy;9.48
BK_MERC_00_BHZ_20250516T042141.npy;0.1
BK_MHC_00_BHZ_20250516T042139.npy;3.75
BK_MILL_00_BHZ_20250516T042119.npy;0.62
BK_MKOF_00_BHZ_20250516T042134.npy;0.1
BK_MLKN_00_BHZ_20250516T042134.npy;0.1
BK_MMI_00_BHZ_20250516T042143.npy;0.1
BK_MNDO_00_BHZ_20250516T042127.npy;0.1
BK_MNLT_00_BHZ_20250516T042131.npy;0.62
BK_MNRC_00_BHZ_20250516T042132.npy;3.75
BK_MOD_00_BHZ_20250516T042127.npy;4.79
BK_MOD_00_BHZ_20250516T044236.npy;4.79
BK_MOD_00_BHZ_20250516T044515.npy;4.79
BK_MOD_00_BHZ_20250516T045029.npy;4.79
BK_MOGU_00_BHZ_20250516T042122.npy;0.1
BK_MTOS_00_BHZ_20250516T042139.npy;0.1
BK_MZTA_00_BHZ_20250516T042128.npy;0.1
BK_OAKV_00_BHZ_20250516T042133.npy;6.87
BK_ORRS_00_BHZ_20250516T042128.npy;0.1
BK_ORV_00_BHZ_20250516T042132.npy;0.1
BK_OVRO_00_BHZ_20250516T042147.npy;0.1
BK_PABC_00_BHZ_20250516T042148.npy;0.1
BK_PATT_00_BHZ_20250516T042146.npy;0.1
BK_PBDB_00_BHZ_20250516T042145.npy;0.1
BK_PESC_00_BHZ_20250516T042137.npy;0.1
BK_PETL_00_BHZ_20250516T042123.npy;0.62
BK_PINL_00_BHZ_20250516T042135.npy;0.1
BK_PKD_00_BHZ_20250516T042146.npy;0.62
BK_PORC_00_BHZ_20250516T042127.npy;2.18
BK_PRDS_00_BHZ_20250516T042124.npy;1.14
BK_PVSP_00_BHZ_20250516T042146.npy;0.1
BK_PWAY_00_BHZ_20250516T042129.npy;0.62
BK_PWOD_00_BHZ_20250516T042132.npy;0.1
BK_QRDG_00_BHZ_20250516T042134.npy;4.27
BK_RAMR_00_BHZ_20250516T042146.npy;0.1
BK_RAVE_00_BHZ_20250516T042130.npy;0.1
BK_RBOW_00_BHZ_20250516T042123.npy;0.1
BK_RIMR_00_BHZ_20250516T042126.npy;0.1
BK_ROMB_00_BHZ_20250516T042134.npy;0.1
BK_RUSS_00_BHZ_20250516T042134.npy;0.1
BK_RVRP_00_BHZ_20250516T042137.npy;0.62
BK_SAGE_00_BHZ_20250516T042126.npy;3.75
BK_SANG_00_BHZ_20250516T042119.npy;0.62
BK_SAO_00_BHZ_20250516T042141.npy;0.1
BK_SBAR_00_BHZ_20250516T042121.npy;0.1
BK_SCOT_01_BHZ_20250516T042123.npy;0.1
BK_SCZ_00_BHZ_20250516T042142.npy;0.1
BK_SEIA_00_BHZ_20250516T042121.npy;0.1
BK_SFRE_00_BHZ_20250516T042133.npy;9.48
BK_SHWD_00_BHZ_20250516T042127.npy;8.96
BK_SIGP_00_BHZ_20250516T042118.npy;0.1
BK_SKGS_00_BHZ_20250516T042131.npy;0.1
BK_SNCR_00_BHZ_20250516T042132.npy;0.1
BK_SPAN_00_BHZ_20250516T042128.npy;0.1
BK_SPRL_00_BHZ_20250516T042125.npy;0.1
BK_SUGR_00_BHZ_20250516T042122.npy;0.62
BK_SUTB_01_BHZ_20250516T042132.npy;2.71
BK_SWNM_00_BHZ_20250516T042130.npy;0.1
BK_TESL_00_BHZ_20250516T042138.npy;0.1
BK_THIS_00_BHZ_20250516T042147.npy;0.1
BK_THOM_00_BHZ_20250516T042123.npy;0.1
BK_TOLH_00_BHZ_20250516T042145.npy;0.1
BK_TRIN_01_BHZ_20250516T042124.npy;0.1
BK_TSCN_00_BHZ_20250516T042148.npy;0.1
BK_TULE_00_BHZ_20250516T042124.npy;0.1
BK_TUMY_00_BHZ_20250516T042144.npy;0.1
BK_TWIT_00_BHZ_20250516T042136.npy;0.1
BK_UKON_00_BHZ_20250516T042121.npy;0.1
BK_UMUN_00_BHZ_20250516T042139.npy;0.1
BK_USAL_00_BHZ_20250516T042125.npy;0.1
BK_VAK_00_BHZ_20250516T042135.npy;5.83
BK_WEAV_00_BHZ_20250516T042124.npy;0.1
BK_WEBR_00_BHZ_20250516T042136.npy;3.75
BK_WELL_00_BHZ_20250516T042137.npy;0.1
BK_WENL_00_BHZ_20250516T042137.npy;0.1
BK_WHCL_00_BHZ_20250516T042146.npy;0.1
BK_WHMT_00_BHZ_20250516T042124.npy;0.1
BK_WINE_00_BHZ_20250516T042145.npy;0.1
BK_WLKR_00_BHZ_20250516T042123.npy;1.14
BK_WROK_00_BHZ_20250516T042147.npy;0.1
BK_WSRE_00_BHZ_20250516T042146.npy;2.18
BK_YUBA_00_BHZ_20250516T042135.npy;0.62
BX_GMARE__BHZ_20250516T042016.npy;7.92
BX_GRTLG__BHZ_20250516T042024.npy;8.44
BX_KGCAE__BHZ_20250516T042022.npy;0.1
BX_LKGWB__BHZ_20250516T042026.npy;4.27
BX_LPHEP__BHZ_20250516T042009.npy;0.62
BX_SOOWA__BHZ_20250516T042002.npy;0.1
C1_AC01__BHZ_20250516T042729.npy;0.1
C1_AC04__BHZ_20250516T042729.npy;0.1
C1_AC05__BHZ_20250516T042728.npy;0.1
C1_AC06__BHZ_20250516T042729.npy;0.62
C1_AC07__BHZ_20250516T042729.npy;9.48
C1_AF01__BHZ_20250516T042729.npy;0.1
C1_AP02__BHZ_20250516T042729.npy;1.14
C1_AY02__BHZ_20250516T042713.npy;0.1
C1_AY03__BHZ_20250516T042712.npy;0.62
C1_AY04__BHZ_20250516T042713.npy;0.1
C1_AY05__BHZ_20250516T042715.npy;0.62
C1_BI02__BHZ_20250516T042724.npy;0.1
C1_BI04__BHZ_20250516T042722.npy;0.1
C1_BI05__BHZ_20250516T042724.npy;0.1
C1_BI06__BHZ_20250516T042724.npy;3.23
C1_BI07__BHZ_20250516T042723.npy;0.1
C1_BO01__BHZ_20250516T042725.npy;0.1
C1_BO02__BHZ_20250516T042725.npy;0.1
C1_BO03__BHZ_20250516T042725.npy;0.1
C1_BO04__BHZ_20250516T042725.npy;0.62
C1_CO01__BHZ_20250516T042728.npy;0.1
C1_CO02__BHZ_20250516T042727.npy;0.1
C1_CO03__BHZ_20250516T042727.npy;0.1
C1_CO04__BHZ_20250516T042727.npy;0.1
C1_CO05__BHZ_20250516T042728.npy;0.1
C1_CO06__BHZ_20250516T042728.npy;7.39
C1_IN44__BHZ_20250516T042353.npy;0.1
C1_LL01__BHZ_20250516T042718.npy;0.1
C1_LL02__BHZ_20250516T042717.npy;10.0
C1_LL03__BHZ_20250516T042719.npy;8.44
C1_LL04__BHZ_20250516T042720.npy;0.1
C1_LL05__BHZ_20250516T042719.npy;0.1
C1_LL06__BHZ_20250516T042718.npy;0.1
C1_LL07__BHZ_20250516T042718.npy;0.1
C1_LR03__BHZ_20250516T042721.npy;0.1
C1_LR04__BHZ_20250516T042721.npy;0.1
C1_LR05__BHZ_20250516T042720.npy;5.31
C1_MG01__BHZ_20250516T042430.npy;0.1
C1_MG02__BHZ_20250516T042546.npy;0.1
C1_MG04__BHZ_20250516T042557.npy;0.1
C1_ML02__BHZ_20250516T042724.npy;6.87
C1_ML03__BHZ_20250516T042725.npy;9.48
C1_MT01__BHZ_20250516T042726.npy;0.1
C1_MT02__BHZ_20250516T042726.npy;0.1
C1_MT03__BHZ_20250516T042726.npy;0.1
C1_MT04__BHZ_20250516T042726.npy;0.1
C1_MT05__BHZ_20250516T042726.npy;8.96
C1_MT07__BHZ_20250516T042726.npy;0.62
C1_MT08__BHZ_20250516T042726.npy;0.1
C1_MT09__BHZ_20250516T042726.npy;9.48
C1_MT10__BHZ_20250516T042726.npy;0.1
C1_MT12__BHZ_20250516T042726.npy;6.87
C1_MT13__BHZ_20250516T042726.npy;0.1
C1_MT14__BHZ_20250516T042726.npy;0.1
C1_MT15__BHZ_20250516T042726.npy;0.1
C1_MT16__BHZ_20250516T042726.npy;6.35
C1_MT18__BHZ_20250516T042726.npy;0.1
C1_TA01__BHZ_20250516T042730.npy;0.1
C1_VA01__BHZ_20250516T042726.npy;0.1
C1_VA03__BHZ_20250516T042726.npy;0.1
C1_VA04__BHZ_20250516T042727.npy;2.71
C1_VA05__BHZ_20250516T042726.npy;7.92
C1_VA06__BHZ_20250516T042727.npy;0.1
CC_BRSP__BHZ_20250516T042112.npy;0.1
CC_CIHL__BHZ_20250516T042119.npy;0.1
CC_CLBH__BHZ_20250516T042119.npy;5.83
CC_CLMS__BHZ_20250516T042120.npy;6.35
CC_CLMS__BHZ_20250516T044633.npy;6.35
CC_COPP__BHZ_20250516T042107.npy;0.1
CC_CPCO__BHZ_20250516T042119.npy;0.1
CC_CRBN__BHZ_20250516T042106.npy;0.1
CC_ELBE__BHZ_20250516T042107.npy;0.1
CC_FLAT__BHZ_20250516T042108.npy;0.1
CC_GNOB__BHZ_20250516T042107.npy;0.1
CC_GTWY__BHZ_20250516T042107.npy;10.0
CC_HIYU__BHZ_20250516T042112.npy;0.1
CC_HOA__BHZ_20250516T042108.npy;0.1
CC_HUSB__BHZ_20250516T042116.npy;0.1
CC_KAUT__BHZ_20250516T042107.npy;0.1
CC_KAVK__BHZ_20250516T042107.npy;7.92
CC_KWBU__BHZ_20250516T042118.npy;0.1
CC_LOO__BHZ_20250516T042108.npy;0.1
CC_LSON__BHZ_20250516T042112.npy;0.1
CC_MAR__BHZ_20250516T042108.npy;0.1
CC_MILD__BHZ_20250516T042107.npy;0.1
CC_NFT__BHZ_20250516T042108.npy;0.1
CC_NORM__BHZ_20250516T042119.npy;7.92
CC_OBSR__BHZ_20250516T042107.npy;3.75
CC_OPCH__BHZ_20250516T042108.npy;0.1
CC_PALM__BHZ_20250516T042112.npy;0.1
CC_PARA__BHZ_20250516T042107.npy;0.1
CC_PR01__BHZ_20250516T042106.npy;0.1
CC_PR02__BHZ_20250516T042106.npy;0.1
CC_PR03__BHZ_20250516T042106.npy;0.1
CC_PR04__BHZ_20250516T042106.npy;0.1
CC_PR05__BHZ_20250516T042107.npy;0.1
CC_PRLK__BHZ_20250516T042115.npy;0.1
CC_REM__BHZ_20250516T042108.npy;8.96
CC_RUSH__BHZ_20250516T042107.npy;0.1
CC_SEP__BHZ_20250516T042108.npy;0.1
CC_SHRK__BHZ_20250516T042112.npy;1.14
CC_SIFT__BHZ_20250516T042107.npy;0.1
CC_STD_01_BHZ_20250516T042108.npy;0.1
CC_STYX__BHZ_20250516T042106.npy;9.48
CC_SUG__BHZ_20250516T042108.npy;0.1
CC_SVIC__BHZ_20250516T042119.npy;0.1
CC_SWF2__BHZ_20250516T042108.npy;0.1
CC_SWNB__BHZ_20250516T042119.npy;0.1
CC_TABR__BHZ_20250516T042107.npy;0.1
CC_TAVI__BHZ_20250516T042107.npy;0.1
CC_TCBU__BHZ_20250516T042116.npy;9.48
CC_TIMB__BHZ_20250516T042112.npy;0.1
CC_TMBU__BHZ_20250516T042119.npy;0.1
CC_TRON__BHZ_20250516T042106.npy;0.1
CC_UNFR__BHZ_20250516T042108.npy;0.1
CC_USFR__BHZ_20250516T042108.npy;0.1
CC_VOIT__BHZ_20250516T042106.npy;0.1
CC_WIFE__BHZ_20250516T042116.npy;0.1
CC_WIZ__BHZ_20250516T042119.npy;0.1
CC_YOCR__BHZ_20250516T042112.npy;9.48
CH_BNALP__BHZ_20250516T041905.npy;0.1
CH_BOURR__BHZ_20250516T041914.npy;4.79
CH_BRANT__BHZ_20250516T041912.npy;0.1
CH_FIESA__BHZ_20250516T041913.npy;4.27
CH_FUORN__BHZ_20250516T041904.npy;0.1
CH_HASLI__BHZ_20250516T041910.npy;8.96
CH_LIENZ__BHZ_20250516T041900.npy;7.39
CH_MUGIO__BHZ_20250516T041904.npy;3.75
CH_SENIN__BHZ_20250516T041906.npy;0.1
CH_SLE__BHZ_20250516T041913.npy;0.1
CM_LCBC_00_BHZ_20250516T042634.npy;7.39
CM_PRV_00_BHZ_20250516T042424.npy;3.23
CM_RUS_00_BHZ_20250516T042709.npy;3.23
CM_SJC_00_BHZ_20250516T042540.npy;7.39
CM_SMAR_00_BHZ_20250516T042434.npy;4.27
CM_TUM_00_BHZ_20250516T042715.npy;7.92
CM_URI_00_BHZ_20250516T042431.npy;2.18
CN_ATLI__BHZ_20250516T042003.npy;7.39
CN_CROWY__BHZ_20250516T041927.npy;0.1
CN_DRLN__BHZ_20250516T042136.npy;0.1
CN_GAC__BHZ_20250516T042201.npy;0.1
CN_INK__BHZ_20250516T041936.npy;0.62
CN_YKAW1__BHZ_20250516T042023.npy;0.1
CN_YKAW3__BHZ_20250516T042023.npy;0.1
CU_BBGH_00_BHZ_20250516T042408.npy;7.39
CU_BCIP_00_BHZ_20250516T042612.npy;0.1
CU_GRGR_00_BHZ_20250516T042416.npy;0.1
CU_GRTK_00_BHZ_20250516T042347.npy;0.1
CU_GTBY_00_BHZ_20250516T042355.npy;1.66
CU_MTDJ_00_BHZ_20250516T042403.npy;0.1
CU_SDDR_00_BHZ_20250516T042358.npy;0.1
CU_TGUH_00_BHZ_20250516T042415.npy;9.48
CZ_PRA__BHZ_20250516T041838.npy;0.1
C_GO01__BHZ_20250516T042729.npy;0.1
C_GO02__BHZ_20250516T042729.npy;0.1
C_GO03__BHZ_20250516T042729.npy;0.1
C_GO04__BHZ_20250516T042728.npy;0.1
C_GO05__BHZ_20250516T042725.npy;0.1
C_GO06__BHZ_20250516T042721.npy;0.62
C_GO09__BHZ_20250516T042706.npy;0.1
C_GO10__BHZ_20250516T042539.npy;0.1
C_LMEL__BHZ_20250516T042725.npy;0.1
C_ROC1__BHZ_20250516T042726.npy;0.62
DK_ANGG_00_BHZ_20250516T042009.npy;4.79
DK_BSD_01_BHZ_20250516T041840.npy;8.44
DK_GDH_00_BHZ_20250516T042008.npy;8.44
DK_ISOG_00_BHZ_20250516T042011.npy;4.79
DK_MUD_00_BHZ_20250516T041857.npy;7.92
DK_NIAQ_00_BHZ_20250516T042001.npy;6.87
DK_NOR_00_BHZ_20250516T041848.npy;0.62
DK_NRS_00_BHZ_20250516T042035.npy;1.14
DK_SCO_00_BHZ_20250516T041931.npy;0.62
DR_SDD__BHZ_20250516T042400.npy;0.1
EI_IDGL__BHZ_20250516T041947.npy;6.35
EI_IGLA__BHZ_20250516T041956.npy;3.23
EI_IMAC__BHZ_20250516T042000.npy;1.14
EI_IMAY__BHZ_20250516T041954.npy;0.1
EI_ITIP__BHZ_20250516T041954.npy;5.31
EI_IWEX__BHZ_20250516T041952.npy;4.27
GE_APE__BHZ_20250516T041809.npy;7.92
GE_BKB__BHZ_20250516T041248.npy;3.75
GE_CSS__BHZ_20250516T041713.npy;6.35
GE_DAMY__BHZ_20250516T041650.npy;8.96
GE_EIL__BHZ_20250516T041725.npy;0.1
GE_FAKI__BHZ_20250516T041425.npy;0.1
GE_FLT1__BHZ_20250516T041852.npy;0.1
GE_HLG__BHZ_20250516T041856.npy;8.96
GE_HMDM__BHZ_20250516T041350.npy;6.35
GE_IBBN__BHZ_20250516T041857.npy;7.39
GE_JAGI__BHZ_20250516T041347.npy;0.62
GE_KAAM__BHZ_20250516T041413.npy;0.1
GE_KBU__BHZ_20250516T041342.npy;5.83
GE_LHMI__BHZ_20250516T041109.npy;8.44
GE_LUWI__BHZ_20250516T041320.npy;8.44
GE_MATE__BHZ_20250516T041843.npy;0.1
GE_MMRI__BHZ_20250516T041408.npy;0.62
GE_MNAI__BHZ_20250516T041253.npy;8.96
GE_MORC__BHZ_20250516T041820.npy;0.1
GE_PMBI__BHZ_20250516T041235.npy;8.96
GE_PUL__BHZ_20250516T041735.npy;3.23
GE_RGN__BHZ_20250516T041844.npy;6.35
GE_RUE__BHZ_20250516T041842.npy;8.96
GE_SLIT__BHZ_20250516T041804.npy;6.87
GE_SMRI__BHZ_20250516T041317.npy;0.1
GE_SNAA__BHZ_20250516T042202.npy;2.18
GE_SOEI__BHZ_20250516T041423.npy;0.1
GE_STU__BHZ_20250516T041902.npy;5.83
GE_TIRR__BHZ_20250516T041755.npy;7.92
GE_TNTI__BHZ_20250516T041331.npy;0.1
GE_WLF__BHZ_20250516T041912.npy;3.75
GE_ZKR__BHZ_20250516T041800.npy;8.96
GR_GRA1__BHZ_20250516T041851.npy;0.1
GS_ASL8_00_BHZ_20250516T042220.npy;0.1
GT_BOSA_00_BHZ_20250516T042022.npy;0.1
GT_CPUP_00_BHZ_20250516T042721.npy;0.1
GT_DBIC_00_BHZ_20250516T042123.npy;0.1
GT_LBTB_00_BHZ_20250516T042013.npy;0.1
GT_LPAZ_00_BHZ_20250516T042728.npy;0.1
GT_PLCA_00_BHZ_20250516T042719.npy;0.1
GT_VNDA_00_BHZ_20250516T042128.npy;0.62
IC_BJT_00_BHZ_20250516T041208.npy;0.1
IC_HIA_00_BHZ_20250516T041334.npy;7.39
IC_KMI_00_BHZ_20250516T040814.npy;0.1
IC_QIZ_00_BHZ_20250516T040902.npy;0.1
IC_SSE_00_BHZ_20250516T041138.npy;6.87
IC_XAN_00_BHZ_20250516T041029.npy;7.92
II_BORK_10_BHZ_20250516T041455.npy;3.75
II_MBAR_10_BHZ_20250516T041856.npy;8.44
II_RAYN_10_BHZ_20250516T041636.npy;0.1
II_TLY_00_BHZ_20250516T041329.npy;0.1
IM_EKB10__BHZ_20250516T041935.npy;0.62
IM_EKB1__BHZ_20250516T041935.npy;0.1
IM_EKB2__BHZ_20250516T041935.npy;0.1
IM_EKB3__BHZ_20250516T041935.npy;0.1
IM_EKB4__BHZ_20250516T041935.npy;0.1
IM_EKB5__BHZ_20250516T041935.npy;0.1
IM_EKB6__BHZ_20250516T041935.npy;3.23
IM_EKB7__BHZ_20250516T041935.npy;0.62
IM_EKB8__BHZ_20250516T041935.npy;0.62
IM_EKB9__BHZ_20250516T041935.npy;0.62
IM_EKR10__BHZ_20250516T041935.npy;0.1
IM_EKR1__BHZ_20250516T041935.npy;0.1
IM_EKR2__BHZ_20250516T041935.npy;0.1
IM_EKR3__BHZ_20250516T041935.npy;0.1
IM_EKR4__BHZ_20250516T041935.npy;0.1
IM_EKR5__BHZ_20250516T041935.npy;1.14
IM_EKR6__BHZ_20250516T041935.npy;0.1
IM_EKR7__BHZ_20250516T041935.npy;1.14
IM_EKR8__BHZ_20250516T041935.npy;0.1
IM_EKR9__BHZ_20250516T041935.npy;0.1
IM_IL31__BHZ_20250516T041922.npy;1.66
IM_MK31__BHZ_20250516T041331.npy;0.1
IM_NV31__BHZ_20250516T042143.npy;0.62
IM_PD31__BHZ_20250516T042145.npy;0.62
IM_SHEM__BHZ_20250516T041737.npy;9.48
IM_TKL__BHZ_20250516T042244.npy;0.1
IM_TX31__BHZ_20250516T042247.npy;0.1
IU_BILL_00_BHZ_20250516T041727.npy;10.0
IU_GRFO_00_BHZ_20250516T041901.npy;0.1
IU_KONO_00_BHZ_20250516T041851.npy;2.18
IU_MAKZ_00_BHZ_20250516T041332.npy;5.31
IU_MIDW_00_BHZ_20250516T041839.npy;0.1
IU_RAO_00_BHZ_20250516T042027.npy;0.1
IU_SAML_00_BHZ_20250516T042721.npy;0.1
IU_TRIS_00_BHZ_20250516T042247.npy;10.0
IW_DLMT_00_BHZ_20250516T042130.npy;10.0
IW_IMW_00_BHZ_20250516T042138.npy;0.1
IW_LOHW_00_BHZ_20250516T042140.npy;1.66
IW_MFID_00_BHZ_20250516T042131.npy;0.1
IW_MOOW_00_BHZ_20250516T042139.npy;0.1
IW_PLID_00_BHZ_20250516T042125.npy;0.62
IW_SNOW_00_BHZ_20250516T042140.npy;7.92
IW_TPAW_00_BHZ_20250516T042140.npy;0.1
JP_JCJ__BHZ_20250516T041420.npy;0.1
JP_JEM__BHZ_20250516T041448.npy;0.1
JP_JEW__BHZ_20250516T041440.npy;0.1
JP_JGF__BHZ_20250516T041354.npy;3.23
JP_JHJ2__BHZ_20250516T041407.npy;2.71
JP_JHS__BHZ_20250516T041324.npy;2.71
JP_JKA__BHZ_20250516T041442.npy;1.14
JP_JMM__BHZ_20250516T041423.npy;0.1
JP_JMN__BHZ_20250516T041326.npy;2.71
JP_JMZ__BHZ_20250516T041254.npy;3.23
JP_JNU__BHZ_20250516T041303.npy;2.18
JP_JOW__BHZ_20250516T041230.npy;2.18
JP_JSD__BHZ_20250516T041407.npy;0.1
JP_JSU__BHZ_20250516T041256.npy;7.92
JP_JTM__BHZ_20250516T041432.npy;4.27
JP_JTU__BHZ_20250516T041257.npy;0.62
JP_JWT__BHZ_20250516T041340.npy;5.31
JP_JYT__BHZ_20250516T041415.npy;0.1
JP_YOJ__BHZ_20250516T041137.npy;5.83
KC_TARG__BHZ_20250516T041322.npy;3.75
KR_ANVS__BHZ_20250516T041328.npy;5.83
KR_BOOM__BHZ_20250516T041335.npy;0.1
KR_BTK__BHZ_20250516T041355.npy;6.87
KR_FRU1__BHZ_20250516T041344.npy;0.1
KR_KDJ__BHZ_20250516T041327.npy;0.1
KR_MNAS__BHZ_20250516T041354.npy;0.1
KR_NRN__BHZ_20250516T041330.npy;0.1
KR_OHH__BHZ_20250516T041345.npy;0.1
KR_PRZ__BHZ_20250516T041322.npy;0.1
KZ_PDGK__BHZ_20250516T041322.npy;0.1
LD_ACCN__BHZ_20250516T042211.npy;0.62
LD_BRNJ__BHZ_20250516T042223.npy;5.31
LD_BRNY__BHZ_20250516T042220.npy;0.1
LD_CCNY__BHZ_20250516T042213.npy;0.1
LD_FOR__BHZ_20250516T042222.npy;8.96
LD_GCMD__BHZ_20250516T042228.npy;0.1
LD_GEDE__BHZ_20250516T042227.npy;0.1
LD_KSCT__BHZ_20250516T042219.npy;0.1
LD_MMNY__BHZ_20250516T042214.npy;8.44
LD_NPNY__BHZ_20250516T042219.npy;0.1
LD_ODNJ__BHZ_20250516T042222.npy;0.1
LD_PAL__BHZ_20250516T042222.npy;0.1
LD_PANJ__BHZ_20250516T042225.npy;8.44
LD_UNH__BHZ_20250516T042212.npy;0.1
LD_WADE__BHZ_20250516T042232.npy;10.0
LD_WCNY__BHZ_20250516T042209.npy;0.1
LX_MESJ__BHZ_20250516T042031.npy;0.62
LX_MORF__BHZ_20250516T042033.npy;0.1
MC_OLV1__BHZ_20250516T042358.npy;2.71
MI_DPS__BHZ_20250516T041503.npy;0.1
MI_FLX__BHZ_20250516T041503.npy;0.1
MN_BLY__BHZ_20250516T041837.npy;0.62
MN_CUC__BHZ_20250516T041837.npy;7.39
MN_DIVS__BHZ_20250516T041825.npy;5.31
MN_PDG__BHZ_20250516T041834.npy;0.1
MN_RTC__BHZ_20250516T042027.npy;7.39
MN_TUE__BHZ_20250516T041903.npy;0.1
MN_VLC__BHZ_20250516T041910.npy;8.96
MN_WDD__BHZ_20250516T041902.npy;1.14
MS_UBIN__BHZ_20250516T041157.npy;7.39
MX_HPIG__BHZ_20250516T042252.npy;0.1
MX_HSIG__BHZ_20250516T042232.npy;3.75
MX_MOIG__BHZ_20250516T042329.npy;6.35
MX_SRIG__BHZ_20250516T042235.npy;7.92
MX_TLIG__BHZ_20250516T042342.npy;8.44
MX_ZAIG__BHZ_20250516T042314.npy;8.44
MY_KOM__BHZ_20250516T041153.npy;8.96
MY_KSM__BHZ_20250516T041209.npy;0.1
MY_LDM__BHZ_20250516T041218.npy;7.92
MY_SBM__BHZ_20250516T041207.npy;0.1
MZ_CNG__BHZ_20250516T041950.npy;0.1
NA_SABA__BHZ_20250516T042356.npy;6.87
NA_SEUS__BHZ_20250516T042356.npy;0.1
NK_KKN__BHZ_20250516T041121.npy;10.0
NL_HGN_02_BHZ_20250516T041916.npy;8.96
NM_FFIL_00_BHZ_20250516T042229.npy;0.1
NM_SLM_00_BHZ_20250516T042227.npy;0.1
NU_BLUN_10_BHZ_20250516T042428.npy;0.1
NU_MGAN__BHZ_20250516T042425.npy;3.75
OE_ARSA__BHZ_20250516T041848.npy;0.1
OE_DAVA__BHZ_20250516T041909.npy;5.31
OE_KBA__BHZ_20250516T041857.npy;7.39
OO_AXBA1__BHZ_20250516T042053.npy;6.87
OO_AXCC1__BHZ_20250516T042052.npy;10.0
OO_AXEC2__BHZ_20250516T042052.npy;0.62
OO_HYS14__BHZ_20250516T042107.npy;0.1
OO_HYSB1__BHZ_20250516T042107.npy;1.66
PL_BEL__BHZ_20250516T041822.npy;8.96
PL_GKP__BHZ_20250516T041834.npy;6.35
PL_KSP__BHZ_20250516T041840.npy;7.92
PL_KWP__BHZ_20250516T041817.npy;7.39
PL_NIE__BHZ_20250516T041826.npy;8.44
PL_OJC__BHZ_20250516T041828.npy;0.1
PL_SUW__BHZ_20250516T041812.npy;0.1
PM_PESTR__BHZ_20250516T042026.npy;0.1
PM_PFVI__BHZ_20250516T042034.npy;8.96
PM_PVAQ__BHZ_20250516T042030.npy;6.87
PM_ROSA__BHZ_20250516T042125.npy;0.62
PQ_CMBN__BHZ_20250516T042005.npy;0.1
PR_PCDR__BHZ_20250516T042358.npy;10.0
PR_SMDR__BHZ_20250516T042355.npy;0.1
PS_CHUK__BHZ_20250516T041608.npy;7.39
PS_INU__BHZ_20250516T041352.npy;3.23
PS_ISG__BHZ_20250516T041149.npy;8.96
PS_JAY__BHZ_20250516T041528.npy;1.14
PS_KOR__BHZ_20250516T041400.npy;6.87
PS_OGS__BHZ_20250516T041420.npy;4.79
PS_PATS__BHZ_20250516T041654.npy;8.44
PS_PSI__BHZ_20250516T041148.npy;0.62
PS_VIVO__BHZ_20250516T040821.npy;0.1
PT_KHU__BHZ_20250516T042033.npy;4.27
PY_BPH01__BHZ_20250516T042203.npy;0.62
PY_BPH02__BHZ_20250516T042203.npy;0.62
PY_BPH03__BHZ_20250516T042203.npy;1.66
PY_BPH06__BHZ_20250516T042203.npy;0.1
PY_BPH08__BHZ_20250516T042203.npy;0.1
PY_BPH09__BHZ_20250516T042203.npy;0.1
PY_BPH10__BHZ_20250516T042203.npy;0.1
PY_BPH11__BHZ_20250516T042203.npy;0.1
PY_BPH12__BHZ_20250516T042203.npy;9.48
PY_BPH13__BHZ_20250516T042203.npy;0.1
PY_PFOIX__BHZ_20250516T042203.npy;0.1
RO_BUR31__BHZ_20250516T041808.npy;0.1
RO_BURAR__BHZ_20250516T041759.npy;6.87
S1_AUALB__BHZ_20250516T041717.npy;3.75
S1_AUAPY__BHZ_20250516T041657.npy;0.62
S1_AUBRM__BHZ_20250516T041527.npy;2.71
S1_AUBUS__BHZ_20250516T041704.npy;2.71
S1_AUCAR__BHZ_20250516T041558.npy;0.1
S1_AUCSH__BHZ_20250516T041706.npy;3.75
S1_AUDCS__BHZ_20250516T041828.npy;0.1
S1_AUGRF__BHZ_20250516T041828.npy;0.1
S1_AUHAR__BHZ_20250516T041700.npy;3.75
S1_AUJCS__BHZ_20250516T041758.npy;2.71
S1_AUKAL__BHZ_20250516T041655.npy;0.1
S1_AUKAR__BHZ_20250516T041532.npy;0.62
S1_AUKAT__BHZ_20250516T041545.npy;0.62
S1_AUKHS__BHZ_20250516T041844.npy;0.62
S1_AUKSC__BHZ_20250516T041842.npy;0.1
S1_AUKUL__BHZ_20250516T041701.npy;0.1
S1_AULHS__BHZ_20250516T041903.npy;0.1
S1_AULRC__BHZ_20250516T041813.npy;3.75
S1_AUMAG__BHZ_20250516T041832.npy;0.1
S1_AUMAR__BHZ_20250516T041807.npy;0.1
S1_AUMAZ__BHZ_20250516T041653.npy;0.62
S1_AUMBR__BHZ_20250516T041810.npy;0.1
S1_AUMHS__BHZ_20250516T041844.npy;0.1
S1_AUMOU__BHZ_20250516T041800.npy;3.23
S1_AUMTC__BHZ_20250516T041836.npy;0.1
S1_AUMTS__BHZ_20250516T041843.npy;0.1
S1_AUNHS__BHZ_20250516T041555.npy;3.75
S1_AUNRC__BHZ_20250516T041758.npy;0.1
S1_AUPHS__BHZ_20250516T041832.npy;3.75
S1_AUPKL__BHZ_20250516T041858.npy;3.75
S1_AURMK__BHZ_20250516T041810.npy;0.1
S1_AUROX__BHZ_20250516T041738.npy;0.1
S1_AURSC__BHZ_20250516T041843.npy;0.1
S1_AUSMG__BHZ_20250516T041846.npy;0.1
S1_AUSSC__BHZ_20250516T041849.npy;0.1
S1_AUTAR__BHZ_20250516T041910.npy;0.1
S1_AUTKS__BHZ_20250516T041844.npy;0.62
S1_AUTOO__BHZ_20250516T041822.npy;0.1
S1_AUUHS__BHZ_20250516T041848.npy;0.1
S1_AUWSH__BHZ_20250516T041825.npy;0.1
SC_121A__BHZ_20250516T042226.npy;7.39
SC_Y22A__BHZ_20250516T042223.npy;7.39
SC_Y22D__BHZ_20250516T042222.npy;0.1
SS_COI__BHZ_20250516T042026.npy;0.1
SV_SNET__BHZ_20250516T042414.npy;7.39
TX_435B__BHZ_20250516T042251.npy;8.44
TX_EF06_00_BHZ_20250516T042256.npy;0.1
TX_EF08_00_BHZ_20250516T042257.npy;9.48
US_BOZ_00_BHZ_20250516T042131.npy;0.62
US_BRAL_00_BHZ_20250516T042302.npy;7.39
US_BW06_00_BHZ_20250516T042145.npy;0.1
US_CBKS_00_BHZ_20250516T042216.npy;10.0
US_CBN_00_BHZ_20250516T042235.npy;7.39
US_DGMT_10_BHZ_20250516T042131.npy;0.1
US_EGMT_00_BHZ_20250516T042124.npy;8.44
US_ERPA_00_BHZ_20250516T042217.npy;0.1
US_HLID_00_BHZ_20250516T042133.npy;7.39
US_HWUT_00_BHZ_20250516T042145.npy;0.1
US_JCT_00_BHZ_20250516T042249.npy;0.1
US_KVTX_00_BHZ_20250516T042304.npy;4.79
US_LRAL_00_BHZ_20250516T042254.npy;8.44
US_MIAR_00_BHZ_20250516T042241.npy;0.1
US_MVCO_00_BHZ_20250516T042208.npy;0.1
US_NATX_00_BHZ_20250516T042251.npy;8.44
US_NLWA_00_BHZ_20250516T042101.npy;0.1
US_OGNE_00_BHZ_20250516T042204.npy;10.0
US_PKME_00_BHZ_20250516T042202.npy;0.1
US_RLMT_00_BHZ_20250516T042136.npy;0.1
US_SCIA_00_BHZ_20250516T042210.npy;7.39
US_SDCO_00_BHZ_20250516T042211.npy;0.1
US_TPNV_00_BHZ_20250516T042152.npy;4.79
US_TZTN_00_BHZ_20250516T042240.npy;9.48
US_VBMS_00_BHZ_20250516T042254.npy;0.1
US_WUAZ_00_BHZ_20250516T042208.npy;0.1
US_WVOR_00_BHZ_20250516T042128.npy;0.1
UU_SRU_01_BHZ_20250516T042157.npy;0.1
WM_CART__BHZ_20250516T042007.npy;7.92
WM_MAHO__BHZ_20250516T041944.npy;8.44
WM_SFS__BHZ_20250516T042027.npy;4.79
WM_UCM__BHZ_20250516T042009.npy;3.23
YW_MSWL1_00_BHZ_20250516T041837.npy;0.1
YW_MSWL2_00_BHZ_20250516T041837.npy;3.75
YW_MSWL3_00_BHZ_20250516T041838.npy;1.66
YW_MSWL5_00_BHZ_20250516T041837.npy;4.27
YW_RDK10_00_BHZ_20250516T041838.npy;7.39
YW_SING1_00_BHZ_20250516T041839.npy;4.27
YW_SING2_00_BHZ_20250516T041840.npy;0.1
YW_SING3_00_BHZ_20250516T041839.npy;6.35
YW_SING4_00_BHZ_20250516T041839.npy;10.0
ZC_CADR__BHZ_20250516T042354.npy;0.1
ZC_PODR__BHZ_20250516T042402.npy;0.1
ZC_SODR__BHZ_20250516T042354.npy;0.62
